﻿BK_ID,BK_NAME,BK_Writer,BK_Publisher,BK_Registdate,BK_Status,BK_Grade,BK_detail
1,82년생 김지영,조남주,민음사,2016-10-14,대여 가능,7.5,82년생 김지영의 일상과 삶을 그린 작품
2,나미야 잡화점의 기적,히가시노 게이고,현대문학,2012-09-12,대여 가능,8.7,"일본 작가 히가시노 게이고의 소설로 과거와 현재, 인간의 운명을 그린 작품"
3,삼국지,나곡,민음사,1997-03-25,대여 가능,9.2,나곡의 삼국지를 현대어로 재해석한 작품
4,어린 왕자,앙투안 드 생텍쥐페리,더스토리,2003-05-25,대여 가능,8.6,어린 왕자의 여행을 그린 동화
5,데미안,헤르만 헤세,도서출판 인물과사상사,2005-08-30,대여 가능,8.9,데미안의 성장과 인간의 내면을 탐구한 작품
6,1Q84,무라카미 하루키,문학동네,2011-05-29,대여 가능,9.1,1Q84의 이야기를 담은 무라카미 하루키의 소설
7,꽃을 보듯 너를 본다,나태주,지혜,2015-08-20,대여 가능,8.4,나태주 시인의 시집
8,파리의 연인,권정생,수오서재,2007-03-30,대여 가능,8.0,권정생의 소설로 파리에서 벌어지는 사랑 이야기
9,시인의 사랑,윤동주,백년,2011-04-10,대여 가능,9.0,윤동주의 시집
10,돌이킬 수 없는 약속,야쿠마루 가쿠,문학동네,2013-09-04,대여 가능,7.8,야쿠마루 가쿠의 소설로 돌이킬 수 없는 약속을 그린 작품
11,플라톤의 심포니움,최승자,열린책들,2016-07-15,대여 가능,8.5,플라톤의 대화체를 현대어로 풀어낸 작품
12,토지,박경리,창비,1987-11-25,대여 중,9.5,박경리의 대표작 토지
13,빛의 제국,김영하,문학동네,2013-06-05,대여 가능,8.3,김영하의 소설로 빛과 그림자를 주제로 한 작품
14,비행운,문용인,산하,2016-05-15,대여 가능,7.9,문용인의 소설로 비행기 조종사의 이야기를 그린 작품
15,빨강 머리 앤,루시 모드 몽고메리,새움,2019-02-28,대여 가능,8.2,빨강 머리 앤의 성장 이야기를 그린 작품
16,당신이 옳다,정혜신,인플루엔셜,2018-08-10,대여 가능,8.1,당신이 옳다는 정혜신의 에세이
17,나의 라임 오렌지나무,바스코 프라타스,시공사,2017-11-20,대여 가능,9.3,나의 라임 오렌지나무의 성장 이야기를 그린 작품
18,카프카 옆의 도시,김완,창비,2016-09-05,대여 가능,8.7,김완의 소설로 카프카와 함께한 도시 이야기
19,달과 6펜스,솜머셋 모옴,어크로스,2014-10-25,대여 가능,7.6,달과 6펜스를 주제로 한 솜머셋 모옴의 소설
20,지적 대화를 위한 넓고 얕은 지식,채사장,길벗,2014-12-05,대여 가능,7.8,다양한 지식을 통해 지적 대화를 이끌어내는 법을 소개하는 에세이
21,소년이 온다,한강,창비,2014-02-25,대여 가능,9.1,한국 작가 한강의 소설로 인간의 내면을 깊이 있게 탐구하는 작품
22,스토너,존 윌리엄스,익스플로러,2013-11-20,대여 가능,8.7,미국 작가 존 윌리엄스의 소설로 인간의 삶과 열정을 그린 작품
23,서브라임의 순간,박완서,비아프레사,2016-10-28,대여 가능,8.4,한국의 대표적인 작가 박완서의 에세이로 삶과 인간의 소중함을 이야기하는 작품
24,김수영 시집,김수영,문학동네,1990-12-25,대여 가능,9.2,한국의 대표 시인 김수영의 시집
25,나무,정애란,산하,2016-03-10,대여 가능,8.3,정애란의 소설로 나무와 인간의 관계를 그린 작품
26,동물농장,조지 오웰,민음사,2005-05-30,대여 가능,9.0,조지 오웰의 동물농장은 동물들의 반란을 통해 인간사회의 이야기를 그린 작품
27,베스트 셀러,엄유난,샘터,2019-06-15,대여 중,7.6,베스트셀러 작가의 삶과 고민을 그린 엄유난의 소설
28,"그해, 여름 소나기가",김애란,문학동네,2018-08-10,대여 가능,8.1,"그해, 여름 소나기가는 김애란의 소설로 한 여름날의 이야기를 그린 작품"
29,우리들의 일그러진 영웅,류미례,민음사,2013-07-05,대여 가능,8.9,우리들의 일그러진 영웅은 류미례의 소설로 평범한 인생을 살아가는 한 남자의 이야기를 그린 작품
30,이방인,알베르 카뮈,문학동네,2014-09-25,대여 가능,9.4,프랑스 작가 알베르 카뮈의 대표작으로 인간의 존재와 의미를 탐구하는 소설
